player_id,name,last_season,date_of_birth,market_value_in_eur
342229,Kylian Mbappe,2022,20/12/98,200000000
28003,Lionel Messi,2022,24/06/87,180000000
418560,Erling Haaland,2022,21/07/00,180000000
68290,Neymar,2022,05/02/92,180000000
134425,Raheem Sterling,2022,08/12/94,160000000
50202,Eden Hazard,2022,07/01/91,150000000
200512,Sadio Mane,2022,10/04/92,150000000
88755,Kevin De Bruyne,2022,28/06/91,150000000
148455,Mohamed Salah,2022,15/06/92,150000000
371998,Vinicius Junior,2022,12/07/00,150000000
125781,Antoine Griezmann,2022,21/03/91,150000000
80444,Philippe Coutinho,2022,12/06/92,150000000
132098,Harry Kane,2022,28/07/93,150000000
401173,Jadon Sancho,2022,25/03/00,130000000
8198,Cristiano Ronaldo,2022,05/02/85,120000000
288230,Ousmane Dembele,2022,15/05/97,120000000
401923,Victor Osimhen,2022,29/12/98,120000000
433177,Bukayo Saka,2022,05/09/01,120000000
581678,Jude Bellingham,2022,29/06/03,120000000
314353,Trent Alexander-Arnold,2022,07/10/98,110000000
580195,Jamal Musiala,2022,26/02/03,110000000
406635,Phil Foden,2022,28/05/00,110000000
206050,Paulo Dybala,2022,15/11/93,110000000
192565,Leroy Sane,2022,11/01/96,100000000
139208,Virgil van Dijk,2022,08/07/91,100000000
96341,Romelu Lukaku,2022,13/05/93,100000000
121483,Jan Oblak,2022,07/01/93,100000000
203460,Jack Grealish,2022,10/09/95,100000000
412363,Rodrygo,2022,09/01/01,100000000
207929,Dele Alli,2022,11/04/96,100000000
462250,Joao Felix,2022,10/11/99,100000000
68863,Mauro Icardi,2022,19/02/93,100000000
241641,Bernardo Silva,2022,10/08/94,100000000
225083,N'Golo Kante,2022,29/03/91,100000000
122153,Paul Pogba,2022,15/03/93,100000000
69633,Christian Eriksen,2022,14/02/92,100000000
369081,Federico Valverde,2022,22/07/98,100000000
683840,Pedri,2022,25/11/02,100000000
131789,Roberto Firmino,2022,02/10/91,90000000
357164,Rafael Leao,2022,10/06/99,90000000
85288,Isco,2022,21/04/92,90000000
316264,Martin Odegaard,2022,17/12/98,90000000
646740,Gavi,2022,05/08/04,90000000
159471,Serge Gnabry,2022,14/07/95,90000000
413112,Aurelien Tchouameni,2022,27/01/00,90000000
105470,Alisson,2022,02/10/92,90000000
38253,Robert Lewandowski,2022,21/08/88,90000000
148928,Saul Niguez,2022,21/11/94,90000000
326330,Frenkie de Jong,2022,12/05/97,90000000
74857,Marc-Andre ter Stegen,2022,30/04/92,90000000
161056,Joshua Kimmich,2022,08/02/95,90000000
309400,Kai Havertz,2022,11/06/99,90000000
357662,Declan Rice,2022,14/01/99,90000000
266302,Sergej Milinkovic-Savic,2022,27/02/95,90000000
44352,Luis Suarez,2021,24/01/87,90000000
240306,Bruno Fernandes,2022,08/09/94,90000000
39381,Gareth Bale,2021,16/07/89,90000000
296622,Marco Asensio,2022,21/01/96,90000000
91845,Heung-min Son,2022,08/07/92,90000000
357565,Rodri,2022,22/06/96,90000000
406625,Lautaro Martinez,2022,22/08/97,85000000
640428,Eduardo Camavinga,2022,10/11/02,85000000
357498,Dusan Vlahovic,2022,28/01/00,85000000
258923,Marcus Rashford,2022,31/10/97,85000000
502670,Khvicha Kvaratskhelia,2022,12/02/01,85000000
648195,Enzo Fernandez,2022,17/01/01,85000000
598577,Florian Wirtz,2022,03/05/03,85000000
88103,James Rodriguez,2022,12/07/91,80000000
424204,Alphonso Davies,2022,02/11/00,80000000
487969,Randal Kolo Muani,2022,05/12/98,80000000
26399,Sergio Aguero,2021,02/06/88,80000000
258004,Ruben Dias,2022,14/05/97,80000000
170527,Timo Werner,2022,06/03/96,80000000
234803,Andrew Robertson,2022,11/03/94,80000000
16306,Casemiro,2022,23/02/92,80000000
31909,Toni Kroos,2022,04/01/90,80000000
344381,Christopher Nkunku,2022,14/11/97,80000000
363205,Gabriel Jesus,2022,03/04/97,80000000
282411,Marcos Llorente,2022,30/01/95,80000000
466810,Ansu Fati,2022,31/10/02,80000000
655488,Gabriel Martinelli,2022,18/06/01,80000000
65230,Sergio Busquets,2022,16/07/88,80000000
164770,Raphael Varane,2022,25/04/93,80000000
687626,Moises Caicedo,2022,02/11/01,75000000
58864,Pierre-Emerick Aubameyang,2022,18/06/89,75000000
475959,Josko Gvardiol,2022,23/01/02,75000000
102558,Marco Verratti,2022,05/11/92,75000000
480692,Luis Diaz,2022,13/01/97,75000000
602105,Antony,2022,24/02/00,75000000
58358,Thomas Muller,2022,13/09/89,75000000
93128,Kalidou Koulibaly,2022,20/06/91,75000000
176553,Aymeric Laporte,2022,27/05/94,75000000
181767,Marquinhos,2022,14/05/94,75000000
255942,Nicolo Barella,2022,07/02/97,75000000
346483,Mason Mount,2022,10/01/99,75000000
343052,Nicolas Pepe,2022,29/05/95,75000000
108390,Thibaut Courtois,2022,11/05/92,75000000
326031,Matthijs de Ligt,2022,12/08/99,75000000
133964,Lorenzo Insigne,2021,04/06/91,75000000
520624,Bruno Guimaraes,2022,16/11/97,70000000
205562,Thomas Lemar,2022,12/11/95,70000000
74229,Koke,2022,08/01/92,70000000
225693,Fabinho,2022,23/10/93,70000000
250845,Jose Maria Gimenez,2022,20/01/95,70000000
341092,Federico Chiesa,2022,25/10/97,70000000
69751,Jordi Alba,2022,21/03/89,70000000
153084,Leon Goretzka,2022,06/02/95,70000000
60444,Thiago,2022,11/04/91,70000000
398073,Achraf Hakimi,2022,04/11/98,70000000
472423,Reece James,2022,08/12/99,70000000
44162,Miralem Pjanic,2022,02/04/90,70000000
59377,David de Gea,2022,07/11/90,70000000
93720,Alexandre Lacazette,2022,28/05/91,70000000
546543,Darwin Nunez,2022,24/06/99,70000000
203496,Nabil Fekir,2022,18/07/93,70000000
40433,Alexis Sanchez,2022,19/12/88,70000000
182712,Joao Cancelo,2022,27/05/94,70000000
362842,Arthur Melo,2022,12/08/96,70000000
32467,Ivan Rakitic,2022,10/03/88,70000000
44501,Marcelo,2022,12/05/88,70000000
238223,Ederson,2022,17/08/93,70000000
351478,Mikel Oyarzabal,2022,21/04/97,70000000
281963,Lucas Hernandez,2022,14/02/96,70000000
401530,Eder Militao,2022,18/01/98,70000000
480267,Ronald Araujo,2022,07/03/99,70000000
126540,Samuel Umtiti,2022,14/11/93,70000000
177907,Harry Maguire,2022,05/03/93,70000000
349066,Alexander Isak,2022,21/09/99,70000000
45320,Angel Di Maria,2022,14/02/88,65000000
59016,David Alaba,2022,24/06/92,65000000
495666,William Saliba,2022,24/03/01,65000000
128223,Alvaro Morata,2022,23/10/92,65000000
182877,Anthony Martial,2022,05/12/95,65000000
475411,Wesley Fofana,2022,17/12/00,65000000
302215,Naby Keita,2022,10/02/95,65000000
243714,Kingsley Coman,2022,13/06/96,65000000
534033,Alexis Mac Allister,2022,24/12/98,65000000
102017,Jorginho,2022,20/12/91,65000000
315858,Gianluigi Donnarumma,2022,25/02/99,65000000
616341,Nuno Mendes,2022,19/06/02,65000000
204069,Milan Skriniar,2022,11/02/95,65000000
378710,Richarlison,2022,10/05/97,65000000
450936,Tanguy Ndombele,2022,28/12/96,65000000
18922,Karim Benzema,2022,19/12/87,60000000
411295,Raphinha,2022,14/12/96,60000000
44779,Diego Costa,2022,07/10/88,60000000
48280,Edinson Cavani,2022,14/02/87,60000000
576024,Julian Alvarez,2022,31/01/00,60000000
182904,Clement Lenglet,2022,17/06/95,60000000
186590,John Stones,2022,28/05/94,60000000
315779,Christian Pulisic,2022,18/09/98,60000000
537860,Mykhaylo Mudryk,2022,05/01/01,60000000
126422,Allan,2022,08/01/91,60000000
344695,Dayot Upamecano,2022,27/10/98,60000000
192279,Kepa Arrizabalaga,2022,03/10/94,60000000
257462,Luka Jovic,2022,23/12/97,60000000
315853,Alessandro Bastoni,2022,13/04/99,60000000
350219,Fabian Ruiz,2022,03/04/96,60000000
339808,Theo Hernandez,2022,06/10/97,60000000
39152,Radamel Falcao,2022,10/02/86,60000000
111196,Stefan de Vrij,2022,05/02/92,60000000
434675,Cody Gakpo,2022,07/05/99,60000000
85370,Sergi Roberto,2022,07/02/92,60000000
171424,Riyad Mahrez,2022,21/02/91,60000000
138927,Daniel Carvajal,2022,11/01/92,60000000
340950,Diogo Jota,2022,04/12/96,60000000
533738,Jonathan David,2022,14/01/00,60000000
156617,Marcelo Brozovic,2022,16/11/92,60000000
274839,Wilfred Ndidi,2022,16/12/96,60000000
294057,James Maddison,2022,23/11/96,60000000
411975,Jules Kounde,2022,12/11/98,60000000
395516,Moussa Diaby,2022,07/07/99,60000000
355915,Cristian Romero,2022,27/04/98,60000000
503482,Min-jae Kim,2022,15/11/96,60000000
166601,Niklas Sule,2022,03/09/95,60000000
341429,Davinson Sanchez,2022,12/06/96,60000000
39728,Mats Hummels,2022,16/12/88,60000000
167850,Memphis Depay,2022,13/02/94,55000000
431755,Dejan Kulusevski,2022,25/04/00,55000000
395693,Houssem Aouar,2022,30/06/98,55000000
8806,Cesc Fabregas,2021,04/05/87,55000000
392085,Nicolo Zaniolo,2022,02/07/99,55000000
27992,Luka Modric,2022,09/09/85,55000000
335721,Ben White,2022,08/10/97,55000000
318077,Lucas Torreira,2022,11/02/96,55000000
284857,Marc Cucurella,2022,22/07/98,55000000
288255,Donny van de Beek,2022,18/04/97,55000000
435338,Gabriel Magalhaes,2022,19/12/97,55000000
74842,Mario Gotze,2022,03/06/92,55000000
294808,Franck Kessie,2022,19/12/96,55000000
128220,Luis Alberto,2022,28/09/92,55000000
145988,Wilfried Zaha,2022,10/11/92,55000000
249565,Youri Tielemans,2022,07/05/97,55000000
86202,Antonio Rudiger,2022,03/03/93,50000000
229004,Moussa Dembele,2022,12/07/96,50000000
418659,Amine Gouiri,2022,16/02/00,50000000
25557,Sergio Ramos,2022,30/03/86,50000000
182913,Adrien Rabiot,2022,03/04/95,50000000
372246,Carlos Soler,2022,02/01/97,50000000
480762,Lisandro Martinez,2022,18/01/98,50000000
532826,Mason Greenwood,2022,01/10/01,50000000
18944,Gerard Pique,2022,02/02/87,50000000
52769,Willian,2022,09/08/88,50000000
329145,Diego Carlos,2022,15/03/93,50000000
35518,David Silva,2022,08/01/86,50000000
303254,Fikayo Tomori,2022,19/12/97,50000000
191614,Fred,2022,05/03/93,50000000
79960,Alex Sandro,2022,26/01/91,50000000
221322,Jose Gaya,2022,25/05/95,50000000
111961,Suso,2022,19/11/93,50000000
293385,Dani Olmo,2022,07/05/98,50000000
49499,Georginio Wijnaldum,2022,11/11/90,50000000
146854,Wissam Ben Yedder,2022,12/08/90,50000000
35664,Mesut Ozil,2022,15/10/88,50000000
465830,Matteo Guendouzi,2022,14/04/99,50000000
550550,Goncalo Ramos,2022,20/06/01,50000000
331726,Tammy Abraham,2022,02/10/97,50000000
476352,Renan Lodi,2022,08/04/98,50000000
242086,Patrik Schick,2022,24/01/96,50000000
399776,Pau Torres,2022,16/01/97,50000000
354362,Rodrigo Bentancur,2022,25/06/97,50000000
53622,Ilkay Gundogan,2022,24/10/90,50000000
95424,Kyle Walker,2022,28/05/90,50000000
131505,Rodrigo,2022,06/03/91,50000000
251664,Ivan Toney,2022,16/03/96,50000000
255508,Inaki Williams,2022,15/06/94,50000000
348795,Giovani Lo Celso,2022,09/04/96,50000000
111455,Granit Xhaka,2022,27/09/92,50000000
291417,Ferland Mendy,2022,08/06/95,50000000
197747,Alessio Romagnoli,2022,12/01/95,50000000
217111,Hakim Ziyech,2022,19/03/93,50000000
225161,Ruben Neves,2022,13/03/97,50000000
398184,Ferran Torres,2022,29/02/00,50000000
126716,Paco Alcacer,2021,30/08/93,50000000
189441,Lucas Ocampos,2022,11/07/94,50000000
397033,Sandro Tonali,2022,08/05/00,50000000
105521,Ciro Immobile,2022,20/02/90,50000000
451276,Dominik Szoboszlai,2022,25/10/00,50000000
476701,Manuel Ugarte,2022,11/04/01,50000000
22068,Franck Ribery,2022,07/04/83,50000000
316125,Ben Chilwell,2022,21/12/96,50000000
351749,Kalvin Phillips,2022,02/12/95,50000000
206040,Raul Jimenez,2022,05/05/91,50000000
230784,Thomas Partey,2022,13/06/93,50000000
338424,Mikel Merino,2022,22/06/96,50000000
636688,Alejandro Balde,2022,18/10/03,50000000
187492,Julian Brandt,2022,02/05/96,50000000
181136,Piotr Zielinski,2022,20/05/94,50000000
355861,Arnaut Danjuma,2022,31/01/97,50000000
184892,Florian Thauvin,2022,26/01/93,50000000
35207,Marco Reus,2022,31/05/89,50000000
3455,Zlatan Ibrahimovic,2022,03/10/81,46000000
190393,Corentin Tolisso,2022,03/08/94,45000000
320141,Caglar Soyuncu,2022,23/05/96,45000000
444523,Lucas Paqueta,2022,27/08/97,45000000
610442,Rasmus Hojlund,2022,04/02/03,45000000
44068,Juan Mata,2022,28/04/88,45000000
234509,Andre Onana,2022,02/04/96,45000000
286297,Lorenzo Pellegrini,2022,19/06/96,45000000
357153,Diogo Costa,2022,19/09/99,45000000
39983,Leonardo Bonucci,2022,01/05/87,45000000
50057,Aaron Ramsey,2022,26/12/90,45000000
601883,Matheus Nunes,2022,27/08/98,45000000
159372,Felipe Anderson,2022,15/04/93,45000000
26485,Jerome Boateng,2022,03/09/88,45000000
51471,Mateo Kovacic,2022,06/05/94,45000000
73794,Duwan Zapata,2022,01/04/91,45000000
182906,Mike Maignan,2022,03/07/95,45000000
157495,Benjamin Mendy,2022,17/07/94,45000000
197300,Federico Bernardeschi,2021,16/02/94,45000000
104752,Konstantinos Manolas,2022,14/06/91,45000000
319745,Dani Ceballos,2022,07/08/96,45000000
353366,Benjamin Pavard,2022,28/03/96,45000000
361093,Sven Botman,2022,12/01/00,45000000
420243,Jurrien Timber,2022,17/06/01,45000000
469822,David Neres,2022,03/03/97,45000000
167799,Pierre-Emile Hojbjerg,2022,05/08/95,45000000
650568,Antonio Silva,2022,30/10/03,45000000
266807,Angel Correa,2022,09/03/95,45000000
334526,Denis Zakaria,2022,20/11/96,45000000
41982,Radja Nainggolan,2022,04/05/88,45000000
112515,Marcos Alonso,2022,28/12/90,45000000
283628,Tomas Soucek,2022,27/02/95,45000000
306024,Dominic Calvert-Lewin,2022,16/03/97,45000000
485706,Amadou Onana,2022,16/08/01,45000000
17259,Manuel Neuer,2022,27/03/86,45000000
357119,Ibrahima Konate,2022,25/05/99,45000000
42460,Ivan Perisic,2022,02/02/89,45000000
37666,Arturo Vidal,2021,22/05/87,45000000
387626,Leon Bailey,2022,09/08/97,45000000
487469,Vitinha,2022,13/02/00,45000000
198008,Andre Silva,2022,06/11/95,45000000
323704,Malcom,2022,26/02/97,45000000
316889,Hirving Lozano,2022,30/07/95,45000000
181375,Sebastien Haller,2022,22/06/94,45000000
102226,Thorgan Hazard,2022,29/03/93,45000000
106987,Marcel Sabitzer,2022,17/03/94,42000000
256178,Joe Gomez,2022,23/05/97,42000000
183288,Luke Shaw,2022,12/07/95,42000000
177476,Nathan Ake,2022,18/02/95,42000000
503749,Jacob Ramsey,2022,28/05/01,42000000
203853,Oleksandr Zinchenko,2022,15/12/96,42000000
314875,Jarrod Bowen,2022,20/12/96,42000000
333241,Joelinton,2022,14/08/96,42000000
504215,Giovanni Reyna,2022,13/11/02,42000000
74683,Nemanja Matic,2022,01/08/88,40000000
107010,Stefan Savic,2022,08/01/91,40000000
324690,Jonathan Ikone,2022,02/05/98,40000000
167727,Andrea Belotti,2022,20/12/93,40000000
57500,Cesar Azpilicueta,2022,28/08/89,40000000
82105,Joel Matip,2022,08/08/91,40000000
568157,Yeremy Pino,2022,20/10/02,40000000
282041,Presnel Kimpembe,2022,13/08/95,40000000
74230,Pablo Sarabia,2022,11/05/92,40000000
187587,Ante Rebic,2022,21/09/93,40000000
318528,Marcus Thuram,2022,06/08/97,40000000
564545,Edmond Tapsoba,2022,02/02/99,40000000
566931,Xavi Simons,2022,21/04/03,40000000
463618,Khephren Thuram,2022,26/03/01,40000000
484547,Jeremie Frimpong,2022,10/12/00,40000000
231572,Nelson Semedo,2022,16/11/93,40000000
396894,Maxi Gomez,2022,14/08/96,40000000
463603,Benoit Badiashile,2022,26/03/01,40000000
516716,Bremer,2022,18/03/97,40000000
196357,Jonathan Tah,2022,11/02/96,40000000
255755,Alex Telles,2022,15/12/92,40000000
192735,Stanislav Lobotka,2022,25/11/94,40000000
327757,Krzysztof Piatek,2022,01/07/95,40000000
571604,Giorgio Scalvini,2022,11/12/03,40000000
35047,Axel Witsel,2022,12/01/89,40000000
38593,Marek Hamsik,2022,27/07/87,40000000
166237,Leandro Paredes,2022,29/06/94,40000000
191891,Arkadiusz Milik,2022,28/02/94,40000000
215876,Ricardo Pereira,2022,06/10/93,40000000
357147,Diogo Dalot,2022,18/03/99,40000000
543499,Mohammed Kudus,2022,02/08/00,40000000
54928,Diego Godin,2021,16/02/86,40000000
204103,Adama Traore,2022,25/01/96,40000000
364135,Moise Kean,2022,28/02/00,40000000
447661,Douglas Luiz,2022,09/05/98,40000000
479999,Eberechi Eze,2022,29/06/98,40000000
503733,Anthony Gordon,2022,24/02/01,40000000
44058,Wojciech Szczesny,2022,18/04/90,40000000
191217,Hector Bellerin,2022,19/03/95,40000000
429014,Morgan Gibbs-White,2022,27/01/00,40000000
553875,Pedro Porro,2022,13/09/99,40000000
225122,Goncalo Guedes,2022,29/11/96,40000000
427568,Aaron Ramsdale,2022,14/05/98,40000000
477758,Aaron Wan-Bissaka,2022,26/11/97,40000000
85148,Julian Draxler,2022,20/09/93,40000000
423440,Martin Zubimendi,2022,02/02/99,40000000
143424,Alex Oxlade-Chamberlain,2022,15/08/93,40000000
351816,Ismael Bennacer,2022,01/12/97,40000000
130164,Jordan Pickford,2022,07/03/94,40000000
29241,Thiago Silva,2022,22/09/84,40000000
177467,Gerard Moreno,2022,07/04/92,40000000
140776,Yannick Carrasco,2022,04/09/93,40000000
257455,Joao Palhinha,2022,09/07/95,40000000
284730,Manuel Akanji,2022,19/07/95,40000000
141660,Jesse Lingard,2022,15/12/92,40000000
196948,Andreas Christensen,2022,10/04/96,40000000
249126,Harry Winks,2022,02/02/96,40000000
42710,Toby Alderweireld,2022,02/03/89,40000000
126414,Hakan Calhanoglu,2022,08/02/94,40000000
161011,Filip Kostic,2022,01/11/92,40000000
433049,Youssef En-Nesyri,2022,01/06/97,40000000
255901,Rodrigo de Paul,2022,24/05/94,40000000
272642,Allan Saint-Maximin,2022,12/03/97,40000000
321239,Everton,2021,22/03/96,40000000
392765,Emile Smith Rowe,2022,28/07/00,40000000
624690,Manu Kone,2022,17/05/01,40000000
179184,Michy Batshuayi,2022,02/10/93,40000000
182618,Tiemoue Bakayoko,2022,17/08/94,40000000
324358,Ollie Watkins,2022,30/12/95,40000000
170986,Raphael Guerreiro,2022,22/12/93,40000000
496094,Karim Adeyemi,2022,18/01/02,40000000
354361,Frank Anguissa,2022,16/11/95,40000000
77100,Lucas Moura,2022,13/08/92,40000000
175722,Eric Dier,2022,15/01/94,40000000
119296,Emre Can,2022,12/01/94,40000000
388198,Nico Schlotterbeck,2022,01/12/99,40000000
240414,Alex Meret,2022,22/03/97,40000000
566723,Michael Olise,2022,12/12/01,38000000
167329,Alassane Plea,2022,10/03/93,38000000
46580,Andrej Kramaric,2022,19/06/91,38000000
470607,Brennan Johnson,2022,23/05/01,38000000
426620,Pedro Goncalves,2022,28/06/98,38000000
278332,Florian Neuhaus,2022,16/03/97,38000000
181579,James Ward-Prowse,2022,01/11/94,38000000
215599,Lukas Klostermann,2022,03/06/96,38000000
227081,Joaquin Correa,2022,13/08/94,38000000
340329,Joe Willock,2022,20/08/99,38000000
487465,Pedro Neto,2022,09/03/00,38000000
55735,Henrikh Mkhitaryan,2022,21/01/89,37000000
394327,Boubacar Kamara,2022,23/11/99,37000000
33706,Nani,2021,17/11/86,36500000
15951,Dani Alves,2021,06/05/83,36000000
193082,Alejandro Grimaldo,2022,20/09/95,35000000
286384,Eric Bailly,2022,12/04/94,35000000
54781,Nicolas Otamendi,2022,12/02/88,35000000
149729,Joao Mario,2022,19/01/93,35000000
228948,Thilo Kehrer,2022,21/09/96,35000000
368887,Loic Openda,2022,16/02/00,35000000
375885,Ibrahim Sangare,2022,02/12/97,35000000
565822,Harvey Elliott,2022,04/04/03,35000000
61651,Jordan Henderson,2022,17/06/90,35000000
177843,Domenico Berardi,2022,01/08/94,35000000
277179,Angelino,2022,04/01/97,35000000
454567,Orkun Kokcu,2022,29/12/00,35000000
405885,Giacomo Raspadori,2022,18/02/00,35000000
432090,Nicolo Fagioli,2022,12/02/01,35000000
21369,Arda Turan,2021,30/01/87,35000000
82009,Kevin Volland,2022,30/07/92,35000000
157509,Kurt Zouma,2022,27/10/94,35000000
272999,Miguel Almiron,2022,10/02/94,35000000
392757,Marc Guehi,2022,13/07/00,35000000
164771,Jordan Veretout,2022,01/03/93,35000000
257448,Gelson Martins,2022,11/05/95,35000000
265088,Manuel Locatelli,2022,08/01/98,35000000
315969,Scott McTominay,2022,08/12/96,35000000
341647,Cengiz Under,2022,14/07/97,35000000
361914,Nayef Aguerd,2022,30/03/96,35000000
543387,Cheick Doucoure,2022,08/01/00,35000000
157635,Yussuf Poulsen,2022,15/06/94,35000000
344598,Dan-Axel Zagadou,2022,03/06/99,35000000
442891,Martin Terrier,2022,04/03/97,35000000
126664,Lucas Digne,2022,20/07/93,35000000
659813,Piero Hincapie,2022,09/01/02,35000000
59561,Dani Parejo,2022,16/04/89,35000000
131225,Nicolas Tagliafico,2022,31/08/92,35000000
184573,Victor Lindelof,2022,17/07/94,35000000
198116,Federico Dimarco,2022,10/11/97,35000000
229005,Abdou Diallo,2022,04/05/96,35000000
659542,Elye Wahi,2022,02/01/03,35000000
50201,Christian Benteke,2021,03/12/90,35000000
272622,Issa Diop,2022,09/01/97,35000000
281769,Mario Hermoso,2022,18/06/95,35000000
398065,Harvey Barnes,2022,09/12/97,35000000
144028,Leandro Trossard,2022,04/12/94,35000000
291739,Milot Rashica,2022,28/06/96,35000000
58884,Nacho Fernandez,2022,18/01/90,35000000
90681,Eliaquim Mangala,2021,13/02/91,35000000
111873,Emiliano Martinez,2022,02/09/92,35000000
231289,Otavio,2022,09/02/95,35000000
585949,Pierre Kalulu,2022,05/06/00,35000000
321247,Emiliano Buendia,2022,25/12/96,35000000
401356,Edson Alvarez,2022,24/10/97,35000000
413507,Nikola Milenkovic,2022,12/10/97,35000000
424042,Nahuel Molina,2022,06/04/98,35000000
478573,Ryan Gravenberch,2022,16/05/02,35000000
90466,Gylfi Sigurdsson,2021,08/09/89,35000000
284165,Steven Bergwijn,2022,08/10/97,35000000
351809,Robin Le Normand,2022,11/11/96,35000000
41384,Marko Arnautovic,2022,19/04/89,35000000
72476,Bernd Leno,2022,04/03/92,35000000
95810,Kieran Trippier,2022,19/09/90,35000000
124502,Matthias Ginter,2022,19/01/94,35000000
273132,Robin Gosens,2022,05/07/94,35000000
192635,Nico Elvedi,2022,30/09/96,35000000
392768,Callum Hudson-Odoi,2022,07/11/00,35000000
413039,Bryan Mbeumo,2022,07/08/99,35000000
100986,Thomas Meunier,2022,12/09/91,35000000
257814,Gregor Kobel,2022,06/12/97,35000000
392775,Ryan Sessegnon,2022,18/05/00,35000000
410425,Yves Bissouma,2022,30/08/96,35000000
74223,Jack Wilshere,2021,01/01/92,33000000
43250,Jan Vertonghen,2022,24/04/87,32000000
260827,Joachim Andersen,2022,31/05/96,32000000
442531,Edouard Mendy,2022,01/03/92,32000000
371149,Evan Ndicka,2022,20/08/99,32000000
628451,Romeo Lavia,2022,06/01/04,32000000
253677,Tyrone Mings,2022,13/03/93,32000000
488362,Conor Gallagher,2022,06/02/00,32000000
26267,Fernandinho,2021,04/05/85,32000000
182893,Seko Fofana,2022,07/05/95,32000000
91970,Juan Cuadrado,2022,26/05/88,32000000
349599,Pervis Estupinan,2022,21/01/98,32000000
504849,Kaoru Mitoma,2022,20/05/97,32000000
168157,Leander Dendoncker,2022,15/04/95,32000000
28396,Edin Dzeko,2022,17/03/86,32000000
56416,Dries Mertens,2022,06/05/87,32000000
156501,Felipe,2022,16/05/89,32000000
300716,Kieran Tierney,2022,05/06/97,32000000
361260,Ozan Kabak,2022,25/03/00,32000000
158863,Inigo Martinez,2022,17/05/91,32000000
125858,Kerem Demirbay,2022,03/07/93,32000000
193116,John McGinn,2022,18/10/94,32000000
403151,Robert Sanchez,2022,18/11/97,32000000
242631,Alex Iwobi,2022,03/05/96,32000000
517894,Matheus Cunha,2022,27/05/99,32000000
45146,Mario Balotelli,2022,12/08/90,32000000
65278,Pedro,2022,28/07/87,30000000
262749,David Raya,2022,15/09/95,30000000
29364,Joao Moutinho,2022,08/09/86,30000000
289446,Yerry Mina,2022,23/09/94,30000000
336869,Marc Roca,2022,26/11/96,30000000
386047,Axel Disasi,2022,11/03/98,30000000
537598,Fabio Vieira,2022,30/05/00,30000000
125165,Tecatito,2022,06/01/93,30000000
123682,Callum Wilson,2022,27/02/92,30000000
207877,Ruslan Malinovskyi,2022,04/05/93,30000000
221150,Djene,2022,31/12/91,30000000
238752,Keita Balde,2022,08/03/95,30000000
258027,Renato Sanches,2022,18/08/97,30000000
284854,Carles Aleñá,2022,05/01/98,30000000
309110,Brais Mendez,2022,07/01/97,30000000
381362,Wesley Moraes,2021,24/11/96,30000000
699704,Gabri Veiga,2022,27/05/02,30000000
122155,Willian Jose,2022,23/11/91,30000000
127189,Geoffrey Kondogbia,2022,15/02/93,30000000
433188,Curtis Jones,2022,30/01/01,30000000
287579,Sofyan Amrabat,2022,21/08/96,30000000
393323,Brenden Aaronson,2022,22/10/00,30000000
34870,Roberto Soldado,2021,27/05/85,30000000
709187,Nico Williams,2022,12/07/02,30000000
256448,Gianluca Mancini,2022,17/04/96,30000000
372711,Amine Harit,2022,18/06/97,30000000
410225,Ismael Sarr,2021,25/02/98,30000000
525247,Max Kilman,2022,23/05/97,30000000
46104,Stevan Jovetic,2022,02/11/89,30000000
246968,Ayoze Perez,2022,29/07/93,30000000
293200,Nikola Vlasic,2022,04/10/97,30000000
262396,Unai Simon,2022,11/06/97,30000000
263727,Joan Jordan,2022,06/07/94,30000000
56818,Morgan Schneiderlin,2021,08/11/89,30000000
181778,Emerson,2022,03/08/94,30000000
182894,Jean-Philippe Gbamin,2022,25/09/95,30000000
776890,Nicolas Jackson,2022,20/06/01,30000000
543382,Mohamed Camara,2022,06/01/00,30000000
571743,Armando Broja,2022,10/09/01,30000000
605184,Jean-Clair Todibo,2022,30/12/99,30000000
126665,Idrissa Gueye,2022,26/09/89,30000000
277033,David Brooks,2022,08/07/97,30000000
412669,Trincao,2022,29/12/99,30000000
524481,Roger Ibanez,2022,23/11/98,30000000
557459,Micky van de Ven,2022,19/04/01,30000000
50174,Danny Rose,2021,02/07/90,30000000
118534,Michael Keane,2022,11/01/93,30000000
263918,Aleksandr Golovin,2022,30/05/96,30000000
265078,Patrick Cutrone,2021,03/01/98,30000000
346289,Mouctar Diakhaby,2022,19/12/96,30000000
405398,Takefusa Kubo,2022,04/06/01,30000000
406040,Ademola Lookman,2022,20/10/97,30000000
571020,Oihan Sancet,2022,25/04/00,30000000
255488,Yeray Alvarez,2022,24/01/95,30000000
401922,Samuel Chukwueze,2022,22/05/99,30000000
255653,Santi Mina,2021,07/12/95,30000000
280730,Alvaro Odriozola,2022,14/12/95,30000000
283735,Mattia Zaccagni,2022,16/06/95,30000000
314367,Marcus Edwards,2022,03/12/98,30000000
486031,Nicolas Gonzalez,2022,06/04/98,30000000
102740,Mario Fernandes,2022,19/09/90,30000000
100131,William Carvalho,2022,07/04/92,30000000
131978,Ross Barkley,2022,05/12/93,30000000
221025,Andre Gomes,2022,30/07/93,30000000
355628,Igor Zubeldia,2022,30/03/97,30000000
99343,Ander Herrera,2022,14/08/89,30000000
476344,Emerson Royal,2022,14/01/99,30000000
17965,Hugo Lloris,2022,26/12/86,30000000
141050,Danilo Pereira,2022,09/09/91,30000000
146795,Ryan Fraser,2022,24/02/94,30000000
190284,Maximilian Eggestein,2022,08/12/96,30000000
216179,Stefano Sensi,2022,05/08/95,30000000
503770,Folarin Balogun,2022,03/07/01,30000000
549006,Goncalo Inacio,2022,25/08/01,30000000
607223,Rayan Cherki,2022,17/08/03,30000000
130365,Alessandro Florenzi,2022,11/03/91,30000000
648046,Evan Ferguson,2022,19/10/04,30000000
196792,Julian Weigl,2022,08/09/95,30000000
238055,Rafa,2022,17/05/93,30000000
315867,Gianluca Scamacca,2022,01/01/99,30000000
340879,Merih Demiral,2022,05/03/98,30000000
55215,Javier Pastore,2022,20/06/89,30000000
435772,Charles De Ketelaere,2022,10/03/01,30000000
614258,Levi Colwill,2022,26/02/03,30000000
15956,Jesus Navas,2022,21/11/85,30000000
111630,Erik Lamela,2022,04/03/92,30000000
202886,Ruben Loftus-Cheek,2022,23/01/96,30000000
14132,Pepe,2022,26/02/83,30000000
37647,Dimitri Payet,2022,29/03/87,30000000
67082,Vitolo,2021,02/11/89,30000000
75442,Nico Gatien,2022,23/02/88,30000000
94529,Stephan El Shaarawy,2022,27/10/92,30000000
223967,Konrad Laimer,2022,27/05/97,30000000
45184,Grzegorz Krychowiak,2021,29/01/90,30000000
356141,Daichi Kamada,2022,05/08/96,30000000
357885,Pablo Fornals,2022,22/02/96,30000000
503987,Noni Madueke,2022,10/03/02,30000000
66515,Alex Teixeira,2021,06/01/90,30000000
88590,Shkodran Mustafi,2021,17/04/92,30000000
119228,Luis Muriel,2022,16/04/91,30000000
228645,Wout Weghorst,2022,07/08/92,30000000
361104,Sergino Dest,2022,03/11/00,30000000
360518,Teun Koopmeiners,2022,28/02/98,30000000
467720,Youssoufa Moukoko,2022,20/11/04,30000000
165895,Matteo Politano,2022,03/08/93,30000000
537382,Bryan Gil,2022,11/02/01,30000000
326029,Donyell Malen,2022,19/01/99,30000000
29260,Giorgio Chiellini,2021,14/08/84,28500000
51152,Aleksandar Mitrovic,2022,16/09/94,28000000
111078,Emil Forsberg,2022,23/10/91,28000000
282429,Sergio Reguilon,2022,16/12/96,28000000
342385,Guido Rodriguez,2022,12/04/94,28000000
278359,Borja Iglesias,2022,17/01/93,28000000
7663,Joaquin,2022,21/07/81,28000000
174694,Rony Lopes,2022,28/12/95,28000000
434224,Maxence Lacroix,2022,06/04/00,28000000
730893,Tyrick Mitchell,2022,01/09/99,28000000
666234,Mohamed Simakan,2022,03/05/00,28000000
339556,Rico Henry,2022,08/07/97,28000000
262226,Timothy Castagne,2022,05/12/95,28000000
45124,Medhi Benatia,2021,17/04/87,28000000
513245,Jesper Lindstrom,2022,29/02/00,28000000
33713,Theo Walcott,2022,16/03/89,28000000
173504,James Tarkowski,2022,19/11/92,28000000
340456,Noussair Mazraoui,2022,14/11/97,28000000
344605,Boubakary Soumare,2022,27/02/99,28000000
808509,Danilo,2022,29/04/01,28000000
34322,Sokratis Papastathopoulos,2022,09/06/88,28000000
174094,Morgan Sanson,2022,18/08/94,28000000
319301,Daniel James,2022,10/11/97,28000000
371256,Tetè,2022,15/02/00,28000000
68864,Kevin Strootman,2021,13/02/90,28000000
129473,Rafinha,2021,12/02/93,28000000
86784,Ricardo Rodriguez,2022,25/08/92,28000000
205938,Mario Pasalic,2022,09/02/95,28000000
417346,Jack Harrison,2022,20/11/96,28000000
321528,Denzel Dumfries,2022,18/04/96,28000000
709726,Hugo Ekitike,2022,20/06/02,28000000
486049,Jeremy Doku,2022,27/05/02,28000000
91849,Thomas Delaney,2022,03/09/91,27000000
223979,Xaver Schlager,2022,28/09/97,27000000
25488,Antonio Candreva,2022,28/02/87,27000000
148153,Lewis Dunk,2022,21/11/91,27000000
82442,Olivier Giroud,2022,30/09/86,27000000
64339,Pizzi,2022,06/10/89,27000000
371371,Marash Kumbulla,2022,08/02/00,27000000
14086,Ashley Young,2022,09/07/85,27000000
18644,Alvaro Negredo,2022,20/08/85,27000000
118689,Leonardo Spinazzola,2022,25/03/93,26000000
400489,Eljif Elmas,2022,24/09/99,26000000
315063,Nahitan Nandez,2021,28/12/95,26000000
318204,David Raum,2022,22/04/98,26000000
36139,Dusan Tadic,2022,20/11/88,25000000
261905,Suat Serdar,2022,11/04/97,25000000
418543,Perr Schuurs,2022,26/11/99,25000000
423436,Santiago Ascacibar,2022,25/02/97,25000000
425918,Jakub Kiwior,2022,15/02/00,25000000
262980,Jefferson Lerma,2022,25/10/94,25000000
339332,Noa Lang,2022,17/06/99,25000000
395237,Maxence Caqueret,2022,15/02/00,25000000
475188,Kiernan Dewsbury-Hall,2022,06/09/98,25000000
69015,Andriy Yarmolenko,2021,23/10/89,25000000
76061,Sime Vrsaljko,2022,10/01/92,25000000
81808,Wilfried Bony,2021,10/12/88,25000000
188911,Shoya Nakajima,2022,23/08/94,25000000
119235,Carlos Bacca,2021,08/09/86,25000000
216569,Jeremie Boga,2022,03/01/97,25000000
246291,Diego Llorente,2022,16/08/93,25000000
327251,Ridle Baku,2022,08/04/98,25000000
346707,Sean Longstaff,2022,30/10/97,25000000
413220,James Justin,2022,23/02/98,25000000
552955,Santiago Gimenez,2022,18/04/01,25000000
12282,Daley Blind,2022,09/03/90,25000000
32113,Armando Izzo,2022,02/03/92,25000000
59344,Asier Illarramendi,2022,08/03/90,25000000
292818,Jonathan Bamba,2022,26/03/96,25000000
425334,Matty Cash,2022,07/08/97,25000000
512385,Luis Sinisterra,2022,17/06/99,25000000
520662,Pepe,2022,24/02/97,25000000
627221,Gabriel Veron,2022,03/09/02,25000000
135617,Thiago Mendes,2022,15/03/92,25000000
243028,Jan Bednarek,2022,12/04/96,25000000
420210,Lutsharel Geertruida,2022,18/07/00,25000000
473050,Kevin Schade,2022,27/11/01,25000000
27389,Kevin Gameiro,2022,09/05/87,25000000
143812,Matias Vecino,2022,24/08/91,25000000
238266,Duje Caleta-Car,2022,17/09/96,25000000
290249,Mauro Arambarri,2022,30/09/95,25000000
401578,Exequiel Palacios,2022,05/10/98,25000000
303116,Gaetano Castrovilli,2022,17/02/97,25000000
348026,Nordi Mukiele,2022,01/11/97,25000000
466805,Nico Gonzalez,2022,03/01/02,25000000
502676,Giorgi Mamardashvili,2022,29/09/00,25000000
585959,Arnaud Kalimuendo,2022,20/01/02,25000000
612826,Silas,2022,06/10/98,25000000
627226,Reinier,2022,19/01/02,25000000
72047,Iago Aspas,2022,01/08/87,25000000
86792,Xherdan Shaqiri,2021,10/10/91,25000000
127048,Cedric Bakambu,2022,11/04/91,25000000
222209,Thomas Strakosha,2022,19/03/95,25000000
290532,Said Benrahma,2022,10/08/95,25000000
369567,Sasa Kalajdzic,2022,07/07/97,25000000
314678,Brahim Diaz,2022,03/08/99,25000000
262523,Davide Calabria,2022,06/12/96,25000000
626913,Boulaye Dia,2022,16/11/96,25000000
58949,Yevgen Konoplyanka,2021,29/09/89,25000000
126656,Faouzi Ghoulam,2022,01/02/91,25000000
199248,Bryan Cristante,2022,03/03/95,25000000
200056,Elseid Hysaj,2022,02/02/94,25000000
256977,Daniel Podence,2022,21/10/95,25000000
341051,Kyle Walker-Peters,2022,13/04/97,25000000
343475,Ben Godfrey,2022,15/01/98,25000000
394300,Davide Frattesi,2022,22/09/99,25000000
428791,Paulinho,2022,15/07/00,25000000
282388,Giovanni Simeone,2022,05/07/95,25000000
74300,Luka Milivojevic,2022,07/04/91,25000000
127187,Abdoulaye Doucoure,2022,01/01/93,25000000
251106,Enes Unal,2022,10/05/97,25000000
413403,Ezri Konsa,2022,23/10/97,25000000
569598,Youssouf Fofana,2022,10/01/99,25000000
617074,Ilaix Moriba,2022,19/01/03,25000000
620322,Malo Gusto,2022,19/05/03,25000000
212847,Adam Webster,2022,04/01/95,25000000
505653,Fabio Silva,2022,19/07/02,25000000
145707,Danilo,2022,15/07/91,25000000
195736,Florian Grillitsch,2022,07/08/95,25000000
212862,Alex Remiro,2022,24/03/95,25000000
240692,Reinildo Mandava,2022,21/01/94,25000000
368482,Riccardo Orsolini,2022,24/01/97,25000000
374139,Junior Firpo,2022,22/08/96,25000000
404418,David Hancko,2022,13/12/97,25000000
416108,Youcef Atal,2022,17/05/96,25000000
162038,Raul de Tomas,2022,17/10/94,25000000
221316,Lucas Vazquez,2022,01/07/91,25000000
277114,Jason Denayer,2021,28/06/95,25000000
326300,Jeff Reine-Adelaide,2022,17/01/98,25000000
331511,Riqui Puig,2021,13/08/99,25000000
811779,Alejandro Garnacho,2022,01/07/04,25000000
4188,Ricardo Quaresma,2021,26/09/83,25000000
332697,Weston McKennie,2022,28/08/98,25000000
404842,Vitaliy Mykolenko,2022,29/05/99,25000000
591949,Aaron Hickey,2022,10/06/02,25000000
61253,Jose Callejon,2021,11/02/87,25000000
129588,Dennis Praet,2022,14/05/94,25000000
295313,Taiwo Awoniyi,2022,12/08/97,25000000
340324,Eddie Nketiah,2022,30/05/99,25000000
503991,Yunus Musah,2022,29/11/02,25000000
618472,Castello Lukeba,2022,17/12/02,25000000
56810,Adrien Silva,2021,15/03/89,25000000
148252,Remo Freuler,2022,15/04/92,25000000
480763,Juan Foyth,2022,12/01/98,25000000
279455,Harry Wilson,2022,22/03/97,25000000
353948,Lucas Tousart,2022,29/04/97,25000000
583189,Anthony Elanga,2022,27/04/02,25000000
584769,Dwight McNeil,2022,22/11/99,25000000
823231,Dango Ouattara,2022,11/02/02,25000000
130360,Simone Verdi,2022,12/07/92,25000000
174915,Islam Slimani,2022,18/06/88,25000000
197470,Mattia Caldara,2022,05/05/94,25000000
264372,Viktor Tsygankov,2022,15/11/97,25000000
69683,Alan Dzagoev,2021,17/06/90,25000000
180337,Sardar Azmoun,2022,01/01/95,25000000
46001,Moussa Sissoko,2022,16/08/89,25000000
192765,Ben Davies,2022,24/04/93,25000000
330659,Justin Kluivert,2022,05/05/99,25000000
503981,Tino Livramento,2022,12/11/02,25000000
60561,Anthony Lopes,2022,01/10/90,25000000
66106,Sergio Canales,2022,16/02/91,25000000
96828,Simone Zaza,2021,25/06/91,25000000
120095,Jose Campana,2021,31/05/93,25000000
128901,Conor Coady,2022,25/02/93,25000000
228433,Wendell,2022,20/07/93,25000000
273152,Nemanja Maksimovic,2022,26/01/95,25000000
43530,Adam Lallana,2022,10/05/88,25000000
331560,Takehiro Tomiyasu,2022,05/11/98,25000000
495629,Hugo Guillamon,2022,31/01/00,25000000
129476,Gerard Deulofeu,2022,13/03/94,25000000
556385,Destiny Udogie,2022,28/11/02,25000000
257732,Amir Rrahmani,2022,24/02/94,25000000
85867,Nico Schulz,2022,01/04/93,25000000
169880,Giovanni Di Lorenzo,2022,04/08/93,25000000
264956,Jean-Kevin Augustin,2021,16/06/97,25000000
595809,Beto,2022,31/01/98,25000000
40204,Joe Hart,2022,19/04/87,24000000
324278,Christoph Baumgartner,2022,01/08/99,24000000
28021,Samir Handanovic,2022,14/07/84,24000000
57280,Giacomo Bonaventura,2022,22/08/89,24000000
74869,Francis Coquelin,2022,13/05/91,24000000
499721,Wendel,2022,28/08/97,24000000
626724,Joao Pedro,2021,26/09/01,24000000
182381,Quincy Promes,2022,04/01/92,24000000
296397,Arne Maier,2022,08/01/99,24000000
402008,Amadou Haidara,2022,31/01/98,24000000
286415,Pau Lopez,2022,13/12/94,24000000
133179,Marten de Roon,2022,29/03/91,24000000
644771,Odilon Kossounou,2022,04/01/01,23000000
16922,Kevin-Prince Boateng,2022,06/03/87,23000000
283196,Kasper Dolberg,2022,06/10/97,23000000
355501,Amadou Diawara,2022,17/07/97,23000000
112935,Mark Uth,2022,24/08/91,23000000
293194,Borna Sosa,2022,21/01/98,23000000
331401,Manuel Lazzari,2022,29/11/93,23000000
161869,Djibril Sidibe,2022,29/07/92,23000000
126710,Layvin Kurzawa,2022,04/09/92,23000000
45671,Cenk Tosun,2022,07/06/91,23000000
237662,Breel Embolo,2022,14/02/97,22000000
18829,Vagner Love,2021,11/06/84,22000000
76277,Laurent Koscielny,2021,10/09/85,22000000
99922,Marc Bartra,2022,15/01/91,22000000
332341,Todd Cantwell,2022,27/02/98,22000000
56331,Bas Dost,2022,31/05/89,22000000
263236,Kevin Danso,2022,19/09/98,22000000
420002,Jean-Philippe Mateta,2022,28/06/97,22000000
457931,Luiz Felipe,2022,22/03/97,22000000
746695,Kamaldeen Sulemana,2022,15/02/02,22000000
80351,Josip Ilicic,2021,29/01/88,22000000
81785,Shinji Kagawa,2022,17/03/89,22000000
143559,Matija Nastasic,2022,28/03/93,22000000
7825,Pepe Reina,2022,31/08/82,22000000
346779,Che Adams,2022,13/07/96,22000000
538977,Georginio Rutter,2022,20/04/02,22000000
134294,Danny Ings,2022,23/07/92,22000000
162959,Daniele Rugani,2022,29/07/94,22000000
165513,Berat Djimsiti,2022,19/02/93,22000000
183334,Patrick Bamford,2022,05/09/93,22000000
356197,Alfonso Pedraza,2022,09/04/96,22000000
332889,Valentin Rongier,2022,07/12/94,22000000
365172,Patson Daka,2022,09/10/98,22000000
578391,Rayan Ait-Nouri,2022,06/06/01,22000000
182932,Davy Klaassen,2022,21/02/93,22000000
225020,Mariano Diaz,2022,01/08/93,22000000
289592,Orel Mangala,2022,18/03/98,22000000
471690,Max Aarons,2021,04/01/00,22000000
542586,Illan Meslier,2022,02/03/00,22000000
711337,Evanilson,2022,06/10/99,22000000
70243,Marcel Halstenberg,2022,27/09/91,22000000
341705,Gerson,2022,20/05/97,22000000
368891,Arthur Theate,2022,25/05/00,22000000
391065,Hamed Junior Traore,2022,16/02/00,22000000
469781,Marcos Senesi,2022,10/05/97,22000000
319859,Mathias Jensen,2022,01/01/96,22000000
337800,Gedson Fernandes,2022,09/01/99,22000000
537844,Anatoliy Trubin,2022,01/08/01,22000000
53418,Kevin Kampl,2022,09/10/90,22000000
128899,Jack Butland,2022,10/03/93,22000000
292417,Demarai Gray,2022,28/06/96,22000000
469050,Nathan Collins,2022,30/04/01,22000000
61087,Karim Bellarabi,2022,08/04/90,22000000
10471,Luiz Gustavo,2021,23/07/87,22000000
258919,Dean Henderson,2022,12/03/97,22000000
389837,Nicolo Casale,2022,14/02/98,22000000
586853,Vitinha,2022,15/03/00,22000000
122043,Hector Herrera,2021,19/04/90,22000000
212723,Djibril Sow,2022,06/02/97,22000000
272855,Paul Onuachu,2022,28/05/94,22000000
346314,Trevoh Chalobah,2022,05/07/99,22000000
232454,Nadiem Amiri,2022,27/10/96,22000000
217115,Neal Maupay,2022,14/08/96,22000000
337725,Christian Kouame,2022,06/12/97,22000000
552549,Matheus Henrique,2022,19/12/97,22000000
54235,Iker Muniain,2022,19/12/92,22000000
387106,Lovro Majer,2022,17/01/98,22000000
503638,Mohamed Ihattaren,2022,12/02/02,22000000
474800,Facundo Medina,2022,28/05/99,22000000
557149,Kang-in Lee,2022,19/02/01,22000000
149498,Gabriel Paulista,2022,26/11/90,22000000
209212,Solly March,2022,20/07/94,22000000
284732,Ramy Bensebaini,2022,16/04/95,22000000
339340,Tyrell Malacia,2022,17/08/99,22000000
660867,Julio Enciso,2022,23/01/04,22000000
25508,Salvatore Sirigu,2022,12/01/87,21500000
14221,Aaron Lennon,2021,16/04/87,21000000
85177,Nathaniel Clyne,2022,05/04/91,21000000
303259,Dodi Lukebakio,2022,24/09/97,21000000
3333,James Milner,2022,04/01/86,21000000
60573,Yann M'Vila,2022,29/06/90,21000000
490426,Krepin Diatta,2022,25/02/99,21000000
52312,Sebastian Giovinco,2021,26/01/87,21000000
59866,Victor Moses,2022,12/12/90,20000000
75471,Yannick Bolasie,2021,24/05/89,20000000
126719,Juan Bernat,2022,01/03/93,20000000
197471,Roberto Gagliardini,2022,07/04/94,20000000
245537,Nabil Bentaleb,2022,24/11/94,20000000
354741,Loren Moron,2022,30/12/93,20000000
410708,Pascal Struijk,2022,11/08/99,20000000
12907,Alessio Cragno,2022,28/06/94,20000000
61812,Yuri Berchiche,2022,10/02/90,20000000
80293,Aissa Mandi,2022,22/10/91,20000000
73491,Danny Drinkwater,2021,05/03/90,20000000
193098,Alex Moreno,2022,08/06/93,20000000
272261,Antonin Barak,2022,03/12/94,20000000
292808,Wout Faes,2022,03/04/98,20000000
466794,Eric Garcia,2022,09/01/01,20000000
467992,Samuele Ricci,2022,21/08/01,20000000
559263,Fabio Carvalho,2022,30/08/02,20000000
288225,Ludovic Blas,2022,31/12/97,20000000
117996,Phil Jones,2022,21/02/92,20000000
175169,Bernard,2022,08/09/92,20000000
242359,Juan Musso,2022,06/05/94,20000000
293281,Jacob Bruun Larsen,2022,19/09/98,20000000
420064,Caio Henrique,2022,31/07/97,20000000
73250,Mario Gaspar,2021,24/11/90,20000000
148368,Divock Origi,2022,18/04/95,20000000
201040,Marco Benassi,2022,08/09/94,20000000
261927,Ricardo Horta,2022,15/09/94,20000000
289059,Mykola Matvienko,2022,02/05/96,20000000
357162,Florentino,2022,19/08/99,20000000
633992,Enzo Le Fee,2022,03/02/00,20000000
701057,Rico Lewis,2022,21/11/04,20000000
127032,Serge Aurier,2022,24/12/92,20000000
245014,Enis Bardhi,2022,02/07/95,20000000
249089,Lewis Cook,2022,03/02/97,20000000
36350,Javi Garcia,2021,08/02/87,20000000
40611,Ryan Bertrand,2022,05/08/89,20000000
103427,Chris Smalling,2022,22/11/89,20000000
129078,Nathan Redmond,2022,06/03/94,20000000
548111,Alex Baena,2022,20/07/01,20000000
127076,Jerome Roussillon,2022,06/01/93,20000000
144303,Lazar Markovic,2022,02/03/94,20000000
409344,Calvin Stengs,2022,18/12/98,20000000
498237,David Carmo,2022,19/07/99,20000000
503680,Neco Williams,2022,13/04/01,20000000
607854,Ederson,2022,07/07/99,20000000
36371,Nikola Kalinic,2021,05/01/88,20000000
54984,Diego Perotti,2021,26/07/88,20000000
60577,Nicolas N'Koulou,2022,27/03/90,20000000
113133,German Pezzella,2022,27/06/91,20000000
143798,Pavel Kaderabek,2022,25/04/92,20000000
173859,Davide Zappacosta,2022,11/06/92,20000000
197838,Jamie Vardy,2022,11/01/87,20000000
203348,Chancel Mbemba,2022,08/08/94,20000000
238407,Alexander Sorloth,2022,05/12/95,20000000
320411,Philip Billing,2022,11/06/96,20000000
323831,Rafael Borre,2022,15/09/95,20000000
332179,Matteo Pessina,2022,21/04/97,20000000
94005,Sead Kolasinac,2022,20/06/93,20000000
120443,Santiago Arias,2021,13/01/92,20000000
202591,Benjamin Henrichs,2022,23/02/97,20000000
270171,Vitaly Janelt,2022,10/05/98,20000000
295330,Kelechi Iheanacho,2022,03/10/96,20000000
403315,Claudinho,2022,28/01/97,20000000
257668,Wilmar Barrios,2022,16/10/93,20000000
45026,Rui Patricio,2022,15/02/88,20000000
99353,Portu,2022,21/05/92,20000000
223367,Fredrik Aursnes,2022,10/12/95,20000000
225657,Philipp Lienhart,2022,11/07/96,20000000
307058,Mehdi Taremi,2022,18/07/92,20000000
332705,Tyler Adams,2022,14/02/99,20000000
375382,Andre Almeida,2022,30/05/00,20000000
486624,Musa Barrow,2022,14/11/98,20000000
532776,Amine Adli,2022,10/05/00,20000000
610083,Unai Vencedor,2022,15/11/00,20000000
143891,Maximilian Philipp,2022,01/03/94,20000000
146164,Max Meyer,2021,18/09/95,20000000
162434,Niklas Stark,2022,14/04/95,20000000
99331,Jannik Vestergaard,2022,03/08/92,20000000
175446,Jonny Otto,2022,03/03/94,20000000
207302,Sergio Rico,2022,01/09/93,20000000
396638,Manor Solomon,2022,24/07/99,20000000
432982,Andreas Skov Olsen,2022,29/12/99,20000000
538874,Terem Moffi,2022,25/05/99,20000000
521964,Malick Thiaw,2022,08/08/01,20000000
79422,Keylor Navas,2022,15/12/86,20000000
131996,Bertrand Traore,2022,06/09/95,20000000
196095,Luca Waldschmidt,2022,19/05/96,20000000
222813,Marko Grujic,2022,13/04/96,20000000
315865,Andrea Pinamonti,2022,19/05/99,20000000
348623,Mason Holgate,2022,22/10/96,20000000
550108,Nicola Zalewski,2022,23/01/02,20000000
810092,Warren Zavre-Emery,2022,08/03/06,20000000
178459,Davie Selke,2022,20/01/95,20000000
192080,Nick Pope,2022,19/04/92,20000000
298589,David Garcia,2022,14/02/94,20000000
315604,Diadie Samassekou,2022,11/01/96,20000000
401529,Doda,2022,17/11/98,20000000
412932,Myron Boadu,2022,14/01/01,20000000
467563,Armel Bella-Kotchap,2022,11/12/01,20000000
569389,Sofiane Diop,2022,09/06/00,20000000
789082,Vanderson,2022,21/06/01,20000000
1018259,Gift Orban,2022,17/07/02,20000000
16760,Yuriy Zhirkov,2021,20/08/83,20000000
93740,Willi Orban,2022,03/11/92,20000000
188854,Manu Trigueros,2022,17/10/91,20000000
15570,Igor Akinfeev,2022,08/04/86,20000000
386726,Yusuf Yazici,2022,29/01/97,20000000
525287,Carlos Vinicius,2022,25/03/95,20000000
26721,Lucas Biglia,2022,30/01/86,20000000
37838,Dejan Lovren,2022,05/07/89,20000000
111275,Philipp Max,2022,30/09/93,20000000
135853,Manuel Lanzini,2022,15/02/93,20000000
199258,Andrea Petagna,2022,30/06/95,20000000
251075,Zeki Celik,2022,17/02/97,20000000
277137,Renato Tapia,2022,28/07/95,20000000
390638,Arthur Cabral,2022,25/04/98,20000000
454121,Galeno,2022,22/10/97,20000000
574671,Strahinja Pavlovic,2021,24/05/01,20000000
81455,Juan Iturbe,2022,04/06/93,20000000
108537,Jonas Hector,2022,27/05/90,20000000
146227,Jasper Cillessen,2022,22/04/89,20000000
229804,Aritz Elustondo,2022,28/03/94,20000000
317454,Diego Rossi,2022,05/03/98,20000000
381950,Alexis Saelemaekers,2022,27/06/99,20000000
357117,Alban Lafont,2022,23/01/99,20000000
31095,Nuri Sahin,2021,05/09/88,20000000
251878,Aaron Martin,2022,22/04/97,20000000
338285,Unai Nunez,2022,30/01/97,20000000
540941,Mikkel Damsgaard,2022,03/07/00,20000000
801734,Mathys Tel,2022,27/04/05,20000000
50512,Anthony Modeste,2022,14/04/88,20000000